latent_id	Drama	Comedy	Action	Thriller	Horror	Romance	Sci-Fi	Adventure
1	502	814	200	63	92	763	145	367
2	270	213	759	823	297	860	518	629
3	563	141	332	601	567	12	419	316
4	398	788	395	21	253	428	491	602
5	837	221	168	268	488	67	295	127
6	100	935	145	149	705	506	374	454
7	32	691	752	349	676	446	835	898
8	516	659	415	780	352	208	873	675
9	524	405	414	327	502	884	175	233
10	209	123	788	571	802	172	546	524
11	15	909	406	655	784	305	397	361
12	246	130	122	896	299	358	926	779
13	940	2	606	937	821	620	405	187
14	639	328	724	301	684	548	632	712
15	586	220	329	666	276	495	231	340
17	614	673	80	878	264	524	70	101
18	896	253	243	939	63	626	58	47
19	505	934	148	44	398	590	378	199
20	504	281	915	294	553	463	657	902
21	458	250	294	562	513	84	512	292
22	848	334	789	182	861	151	732	839
23	575	492	601	914	793	193	324	149
25	479	620	77	62	824	443	665	434
26	770	741	497	191	33	773	370	245
27	438	770	71	81	571	378	207	291
28	450	407	137	525	910	489	379	44
29	882	316	839	595	667	488	342	70
30	788	597	854	861	882	339	725	451
31	832	164	659	259	27	373	734	410
32	22	615	559	733	446	408	676	730
33	19	906	476	909	317	371	682	547
34	874	531	281	578	149	692	4	38
35	24	712	702	574	582	754	411	829
37	916	760	262	3	308	364	840	325
38	415	274	666	440	249	555	328	689
40	379	256	893	715	898	254	624	787
41	665	565	87	413	783	556	406	39
42	570	222	745	479	438	677	654	436
43	621	517	121	386	210	694	302	352
44	754	45	413	581	315	291	306	246
45	474	276	212	522	303	381	59	139
46	813	900	33	57	886	672	34	50
47	316	234	728	184	495	391	539	696
48	900	300	61	179	88	662	44	63
49	734	60	534	367	204	283	224	431
50	352	873	552	668	468	295	521	213
52	756	307	114	244	39	928	127	206
53	8	752	852	550	430	858	771	877
54	190	260	357	549	609	510	515	653
55	779	580	389	78	179	693	424	208
56	3	908	652	541	711	133	516	762
57	310	217	764	588	585	24	898	645
58	172	175	810	669	738	7	573	534
59	752	422	139	140	117	648	241	565
60	312	294	883	350	819	807	230	727
61	239	632	608	894	934	206	458	432
62	744	867	138	169	155	927	19	148
63	484	42	619	656	623	399	564	519
64	679	297	782	419	34	768	628	680
65	429	469	133	280	46	544	131	158
66	551	725	459	59	892	508	412	588
67	736	653	30	635	766	504	925	339
69	877	149	709	483	280	619	158	306
70	651	94	422	139	724	118	477	751
71	236	633	124	168	551	450	728	563
72	937	106	748	835	424	225	349	667
73	456	661	8	358	341	654	126	16
74	237	733	766	109	102	348	809	663
77	187	475	354	717	373	207	487	593
78	694	176	257	530	353	886	876	927
79	218	579	467	201	320	286	534	250
80	711	655	4	360	448	889	242	20
81	823	98	479	517	568	660	420	659
83	149	866	550	357	86	737	660	863
84	853	233	176	713	601	482	401	754
85	55	362	830	737	384	741	882	889
86	880	181	314	698	326	275	842	750
87	897	730	13	123	455	160	587	163
88	137	630	613	708	145	328	704	619
89	815	244	146	513	188	421	101	35
90	65	623	925	213	650	486	916	921
92	191	463	460	429	461	922	813	611
94	571	652	156	281	87	663	111	299
95	69	818	471	703	624	202	212	289
96	767	5	876	875	616	162	537	597
97	255	186	806	681	515	152	745	813
98	343	137	664	617	251	470	748	529
99	160	331	679	238	836	689	905	438
100	810	30	370	711	750	21	648	482
101	687	585	21	680	691	379	343	132
102	730	431	328	307	360	534	361	334
103	308	642	205	687	111	281	365	104
104	297	479	692	302	697	651	854	795
105	152	872	587	362	415	349	284	788
106	7	856	864	755	772	244	562	761
107	26	925	690	332	490	289	469	470
108	128	902	807	828	578	30	490	212
109	413	915	82	141	356	54	156	185
110	500	619	615	824	497	933	500	503
111	727	31	503	908	849	892	859	903
112	260	472	520	488	306	26	289	429
113	623	440	180	240	408	790	51	137
114	12	862	657	658	569	591	663	684
115	816	49	256	846	521	413	659	330
116	392	742	778	154	64	110	893	783
117	550	16	914	688	891	477	630	388
118	107	364	403	830	625	733	315	373
119	432	444	92	361	221	937	697	780
121	396	148	142	497	186	561	385	271
122	380	635	265	53	202	370	162	767
123	230	343	905	700	698	808	81	742
124	938	852	26	70	394	801	29	18
125	564	641	886	838	413	789	909	928
126	718	464	286	255	183	385	30	422
127	85	809	356	397	463	630	529	240
128	252	305	345	758	266	856	535	799
129	659	409	856	126	737	126	934	895
130	552	451	22	491	634	760	147	30
131	86	273	542	781	540	197	530	665
132	842	486	326	328	269	744	6	100
133	579	100	741	322	791	95	125	336
134	44	815	600	779	500	266	455	599
135	2	933	575	745	850	923	759	900
136	616	354	427	674	20	629	721	130
137	148	566	829	124	927	500	907	853
138	138	940	337	454	592	558	639	920
139	49	651	505	871	498	382	467	494
140	697	108	775	226	400	92	553	723
142	335	107	597	720	749	35	235	616
143	37	869	614	694	379	623	495	468
144	519	466	100	127	853	14	831	171
145	259	356	647	531	794	285	623	528
146	225	617	506	227	545	535	797	915
147	87	812	665	443	797	386	609	613
148	421	513	836	381	174	720	42	489
149	785	223	274	329	57	111	752	420
150	368	326	689	721	456	28	600	688
151	471	288	543	748	607	621	163	359
154	520	179	584	757	431	91	608	428
155	881	95	247	478	867	335	677	473
156	606	18	911	607	860	519	891	926
157	89	168	712	924	452	71	595	726
158	427	155	513	573	833	29	641	741
159	76	841	861	613	107	347	757	647
160	364	796	429	297	903	419	445	160
161	73	913	308	129	651	897	527	573
162	97	309	696	760	420	8	631	585
163	522	412	184	431	510	256	15	91
164	760	756	605	42	577	457	820	820
165	265	773	167	246	367	522	726	458
166	454	192	583	771	279	785	603	796
167	850	610	267	496	588	721	76	24
168	514	293	442	171	286	728	403	656
169	723	714	598	177	216	368	345	222
171	620	54	588	719	579	320	94	327
172	210	795	248	212	704	392	716	391
173	285	916	95	31	734	900	327	259
174	365	667	472	808	343	914	255	381
175	329	537	677	106	533	525	767	636
176	305	449	152	161	501	901	865	477
177	383	888	98	79	74	920	82	95
178	165	556	564	775	506	645	389	526
179	145	783	573	593	528	99	921	815
180	452	602	27	572	746	872	106	17
181	472	136	462	763	713	216	297	331
182	928	485	34	39	816	165	713	103
183	689	26	352	458	231	530	216	302
184	324	157	297	538	457	153	278	317
185	497	791	74	107	626	367	208	227
186	420	552	763	602	61	756	299	493
187	636	58	181	837	905	93	211	77
188	580	112	369	534	764	132	262	758
189	809	361	218	764	340	810	73	45
190	461	280	103	229	619	326	617	144
191	782	540	58	565	649	272	38	3
193	174	927	236	73	203	628	219	566
194	331	639	284	278	189	770	115	323
195	376	91	648	449	696	600	881	546
196	280	713	377	314	742	315	879	869
198	941	39	857	589	272	369	643	338
200	776	44	798	884	874	31	504	570
201	91	278	589	770	589	196	492	530
202	17	402	941	508	526	166	937	939
203	109	899	454	667	128	479	247	831
204	593	436	581	334	11	565	202	532
205	284	323	221	625	635	448	932	747
207	824	51	518	492	834	334	597	697
208	741	763	144	424	432	610	24	41
209	340	442	897	394	402	546	570	405
210	590	140	426	647	688	52	457	310
211	72	489	700	815	471	461	422	485
212	712	790	441	833	29	726	783	825
213	355	194	936	929	840	331	688	896
214	574	511	449	603	778	507	96	513
215	862	23	474	743	636	41	738	232
216	197	366	544	500	134	77	330	165
218	319	586	628	750	475	240	531	515
219	664	550	209	624	153	740	108	65
220	766	702	446	480	55	753	237	214
221	202	357	676	918	718	711	626	655
222	786	802	99	250	108	332	8	32
223	792	66	541	633	841	9	719	386
224	4	844	837	677	617	883	817	823
225	696	858	749	4	529	234	509	628
226	690	387	698	509	123	572	85	538
227	871	574	83	194	83	595	36	164
228	819	245	45	303	278	139	331	84
229	135	342	832	714	708	43	772	818
230	223	887	669	65	62	585	805	891
231	669	596	204	96	645	311	99	135
232	518	28	831	774	759	158	428	618
233	480	285	838	609	397	259	186	228
234	208	46	940	938	434	667	935	941
235	485	76	375	859	666	267	213	230
236	175	386	841	640	357	138	341	641
237	742	114	196	567	524	301	195	88
238	275	177	530	917	323	597	387	452
239	357	242	475	494	240	659	223	277
240	789	522	89	220	380	743	67	74
241	224	875	457	134	900	910	375	111
242	105	793	847	385	565	820	254	744
244	851	261	276	287	30	436	724	377
245	442	584	150	94	470	570	430	311
246	336	262	693	283	674	354	637	717
247	889	589	47	83	655	587	130	474
248	540	637	726	320	275	201	674	734
249	737	855	12	133	96	484	97	94
250	798	240	480	423	172	632	304	931
251	927	88	510	646	906	231	602	450
252	491	65	923	934	361	822	720	804
253	475	368	929	389	59	772	318	745
255	153	555	902	74	150	545	601	843
256	495	675	195	23	731	767	723	856
257	589	648	335	66	247	365	920	819
258	388	931	119	321	73	778	46	201
260	596	73	791	544	255	398	143	849
261	587	295	507	100	406	282	503	583
262	622	743	50	144	60	567	189	207
263	108	518	468	772	926	580	307	231
264	675	484	492	433	260	687	383	279
265	600	876	208	33	178	247	129	189
266	416	335	202	706	69	167	203	182
267	771	41	594	829	310	738	291	120
268	40	593	701	812	480	325	653	699
269	494	854	111	474	404	375	37	68
270	423	143	417	630	798	16	414	537
271	529	267	197	786	761	304	74	79
272	795	122	175	651	646	501	398	128
273	509	394	465	673	817	537	292	256
274	60	644	355	591	846	401	588	109
275	229	144	926	913	835	929	877	808
276	342	930	161	834	265	814	323	118
277	346	338	303	323	643	869	770	591
278	890	425	283	400	355	668	214	46
279	126	658	586	558	663	420	280	562
281	184	289	934	383	745	850	900	909
282	703	93	816	926	741	832	619	800
283	873	491	76	269	374	761	62	261
284	892	369	919	111	56	562	871	841
285	35	529	713	922	929	180	883	883
286	20	762	875	526	782	639	837	830
287	755	901	626	52	152	690	568	518
288	923	604	733	843	549	846	591	298
289	247	739	585	692	770	125	460	550
290	129	792	641	125	239	232	404	721
291	803	191	210	738	165	902	248	268
292	241	113	714	892	422	192	604	694
293	276	650	123	506	788	40	811	71
294	488	462	325	498	16	705	611	630
295	489	573	107	24	733	624	799	682
296	296	638	291	523	570	618	200	80
297	298	736	253	412	302	816	88	53
298	599	458	553	206	119	163	309	894
299	123	473	268	579	777	416	183	260
300	122	835	433	802	329	781	818	860
301	183	819	799	72	214	800	793	701
302	501	355	436	270	868	698	499	603
303	790	29	383	869	925	893	695	836
304	844	884	179	121	14	727	63	393
305	908	154	706	210	327	549	316	670
306	607	799	7	19	838	686	350	389
307	196	216	640	790	449	137	702	614
308	553	542	531	51	90	454	740	564
309	498	686	86	68	338	432	32	156
310	751	103	482	468	416	862	382	642
311	781	646	261	490	184	516	78	19
312	699	627	517	92	477	224	168	356
313	360	20	568	710	939	45	599	313
314	888	353	633	793	710	830	470	115
316	661	116	523	768	547	431	715	471
317	585	886	186	28	757	327	418	579
318	103	745	654	852	525	434	575	345
319	581	101	388	704	932	425	532	488
320	784	849	160	64	313	435	138	123
321	243	493	366	649	441	841	598	326
322	869	146	904	784	805	538	866	242
323	293	857	251	582	98	896	151	255
324	391	447	797	442	195	60	794	237
325	525	182	424	560	213	98	171	484
326	88	207	939	858	469	101	939	938
327	115	690	500	800	211	423	314	457
328	226	499	334	274	409	730	408	812
329	554	419	102	295	163	410	159	155
330	543	385	151	548	459	518	112	34
331	118	568	450	421	212	875	543	640
332	652	3	931	899	573	10	888	933
333	838	432	880	729	285	788	930	899
334	470	185	865	845	140	745	927	551
335	592	674	435	284	7	882	114	601
336	830	917	245	13	362	932	548	248
337	473	205	206	372	113	377	264	369
338	90	889	331	299	197	112	551	399
339	303	710	37	166	193	213	368	368
340	188	351	609	434	848	131	903	916
341	818	687	39	15	95	652	60	114
342	759	61	660	769	572	63	671	807
344	534	203	808	787	135	104	371	195
345	13	546	846	930	586	178	736	838
346	193	435	293	457	654	505	904	850
347	645	677	72	221	671	263	655	196
348	670	548	16	390	522	915	708	251
350	526	825	556	135	19	393	47	885
352	688	784	190	709	806	212	727	173
353	387	757	539	8	640	844	386	919
354	366	352	498	116	414	57	763	816
355	385	516	607	705	723	238	613	517
356	231	390	582	348	605	799	746	568
357	233	456	327	247	218	681	550	606
358	402	928	349	22	223	811	910	491
359	435	533	155	155	381	532	41	370
360	635	252	246	208	283	643	421	461
361	62	624	935	893	685	483	258	430
362	583	365	525	262	296	656	206	96
364	602	649	42	112	732	279	135	141
365	408	9	922	887	908	156	914	932
366	102	700	493	805	401	718	476	364
367	219	380	687	765	935	36	741	691
368	924	284	64	335	263	278	636	243
369	787	612	371	237	3	742	246	146
370	179	319	715	264	412	342	687	707
371	45	731	458	629	897	353	684	605
372	386	56	678	819	843	186	423	342
373	646	607	129	117	190	899	160	371
374	101	786	187	379	606	634	178	569
375	805	923	125	55	143	878	83	303
376	541	135	519	877	161	890	353	318
377	194	171	595	728	429	199	364	776
378	678	303	185	279	930	135	442	78
379	876	696	41	734	803	357	880	244
380	469	59	621	891	426	69	749	626
381	163	880	226	505	225	812	117	312
382	872	128	772	351	503	274	651	627
383	141	821	390	186	520	203	815	764
384	605	25	680	744	644	97	579	814
385	304	161	344	340	890	88	185	523
386	578	863	2	158	700	573	52	62
387	594	132	887	856	307	472	305	257
389	133	850	796	881	440	280	710	677
390	410	199	785	801	680	113	479	756
391	320	523	214	173	405	849	79	217
392	64	514	800	587	736	715	814	805
393	445	363	674	444	706	903	892	913
395	381	926	14	43	933	181	180	57
396	459	210	464	520	410	120	416	295
397	82	842	428	333	725	859	333	508
398	791	918	1	56	383	695	240	122
400	199	403	499	374	166	146	525	674
401	820	398	140	354	258	762	199	177
402	71	332	529	895	837	264	775	161
403	332	789	282	417	226	337	276	346
404	768	558	895	254	79	559	788	59
405	434	19	912	885	336	658	852	904
406	281	344	819	104	445	857	205	760
407	922	80	753	915	270	439	825	307
408	584	153	358	731	473	898	786	874
410	147	481	524	811	580	109	372	269
411	11	846	571	740	656	642	629	649
412	455	82	599	762	662	65	110	832
413	127	560	412	639	686	316	322	264
414	835	611	40	75	167	724	39	81
415	443	382	404	337	739	383	678	150
416	350	310	813	507	44	182	924	679
417	883	561	645	214	8	480	265	620
418	112	912	899	543	132	599	764	648
419	299	87	790	761	792	66	856	824
420	39	698	511	597	590	299	596	654
421	114	608	661	286	583	475	560	624
422	630	663	59	174	603	148	294	83
423	315	34	731	736	642	129	614	864
424	476	502	932	527	659	700	902	837
425	395	75	908	777	385	324	919	608
426	855	813	338	60	311	826	133	276
427	934	325	663	67	682	48	685	794
428	399	96	691	699	690	128	779	873
429	370	247	514	263	157	848	435	443
430	182	478	379	373	180	119	894	802
431	898	758	849	422	106	547	769	497
432	206	460	333	618	712	784	169	549
433	732	737	10	465	814	462	118	31
434	256	544	447	231	811	440	150	138
435	176	503	572	88	924	798	538	383
436	167	932	627	114	444	376	437	803
437	860	268	117	236	312	476	367	97
438	904	337	378	836	12	235	91	466
439	836	590	28	234	196	490	14	14
440	353	941	444	187	257	696	236	556
441	10	865	814	906	768	905	635	875
442	891	618	592	809	26	602	261	301
443	861	152	342	318	177	935	142	223
444	905	279	135	291	49	719	13	90
445	1	920	624	555	677	796	621	789
446	611	870	313	10	689	83	605	581
447	939	817	937	841	1	803	874	922
448	797	883	17	80	262	786	204	140
450	828	547	353	242	236	539	157	505
451	431	670	287	48	627	96	580	827
452	110	614	739	529	543	409	359	828
453	453	545	169	157	333	169	791	558
454	81	373	697	594	613	103	320	504
456	106	601	869	408	904	189	210	499
457	710	134	302	345	363	675	843	638
458	906	53	761	641	141	190	381	865
459	51	911	784	559	844	140	522	748
460	663	218	170	638	907	188	193	358
461	668	212	340	309	52	214	557	604
462	821	43	147	904	43	387	128	142
463	80	695	362	365	665	605	555	464
464	707	145	625	636	268	73	439	666
465	921	541	491	921	139	550	453	314
466	772	936	516	36	5	824	61	651
467	827	864	211	26	130	566	395	652
468	36	461	580	907	866	262	466	702
469	834	416	174	198	21	389	233	126
470	673	346	760	905	248	671	594	6
471	362	829	683	313	669	589	448	557
472	150	621	273	539	541	604	413	737
473	290	692	397	110	94	321	501	673
474	618	476	859	47	112	512	918	937
475	930	214	818	258	298	485	394	854
476	746	90	455	741	428	527	177	354
477	157	490	823	821	628	106	795	686
478	358	744	60	93	896	220	829	724
479	446	120	862	512	80	783	410	344
481	309	64	901	925	845	18	819	858
482	130	519	400	277	548	852	706	681
483	506	805	289	58	148	601	57	710
484	436	761	750	82	411	108	574	706
485	641	903	38	510	354	879	201	72
486	839	306	194	615	160	683	90	49
487	886	178	735	788	852	845	263	324
488	205	374	751	850	678	107	739	791
489	535	454	381	108	129	794	53	610
490	681	162	448	596	281	46	152	154
491	682	121	203	375	168	938	187	297
492	826	375	242	167	51	557	334	315
493	628	393	729	202	331	407	441	703
494	433	671	36	185	215	411	197	509
495	341	707	339	195	808	195	683	560
496	867	845	402	46	208	541	182	835
497	33	732	612	621	425	646	475	554
498	253	681	487	387	67	936	184	548
499	213	747	443	138	389	248	615	305
500	757	554	725	143	78	467	234	671
501	573	505	75	203	378	722	308	133
502	544	622	272	931	909	526	541	308
504	295	371	224	430	347	543	493	211
505	121	494	642	874	507	58	666	678
506	758	211	307	749	618	579	141	337
508	740	657	229	183	25	706	18	708
509	397	52	494	941	940	338	941	940
511	566	301	296	486	229	560	179	175
512	493	68	843	679	542	704	768	855
513	248	528	844	248	271	664	269	527
514	658	270	563	130	641	258	672	753
516	177	549	907	882	883	422	459	394
517	327	206	629	260	830	366	462	502
518	666	163	418	435	316	433	360	249
519	899	254	264	553	17	210	376	445
521	909	924	112	40	6	939	65	426
522	338	836	430	476	109	638	93	348
523	654	225	801	932	869	755	862	806
524	588	92	382	580	198	318	640	159
525	263	208	787	727	207	49	607	716
526	750	86	201	312	151	277	472	360
527	173	396	322	355	753	59	742	414
528	120	592	300	670	483	198	228	239
529	125	532	898	865	233	121	761	492
530	637	377	719	122	751	87	733	749
531	674	350	879	459	120	716	425	357
535	250	397	504	864	53	608	750	876
536	344	420	451	84	785	268	484	720
537	189	922	127	696	305	447	544	147
538	228	236	576	266	747	265	586	479
539	577	768	106	215	752	586	3	43
540	34	716	882	604	474	306	886	842
541	719	102	721	463	476	79	861	719
542	825	683	6	156	99	839	86	82
543	451	599	51	344	936	577	64	61
544	859	272	655	697	390	261	673	576
545	765	524	35	241	876	226	21	9
546	775	678	158	27	289	611	113	501
547	419	340	557	792	536	241	319	362
548	822	12	890	724	593	791	754	884
550	25	871	795	888	291	635	399	833
551	200	430	440	86	699	487	821	646
552	155	129	820	467	421	68	638	790
553	597	411	199	136	32	617	161	319
554	724	81	522	661	546	102	438	456
555	854	15	617	803	372	575	722	844
556	373	195	651	739	31	191	590	847
557	424	705	351	432	136	302	16	136
558	254	287	656	652	647	5	572	759
559	273	785	894	16	462	458	936	936
560	154	410	870	410	765	437	787	722
561	378	676	826	120	561	38	717	871
562	725	722	636	551	175	676	642	775
563	78	77	920	767	915	242	785	704
564	354	167	555	445	855	540	488	463
565	773	823	343	377	103	717	2	729
566	337	433	840	657	244	731	165	886
567	726	111	374	637	93	746	329	446
568	885	822	805	889	887	828	773	270
569	527	749	398	514	574	175	576	224
570	763	800	3	207	295	649	121	229
571	422	70	891	552	673	759	806	897
572	598	446	478	188	460	921	260	76
574	411	311	873	113	631	553	250	866
575	16	628	921	840	672	593	830	810
576	481	119	681	592	730	4	812	778
577	546	777	373	99	35	503	166	882
580	487	299	298	751	854	496	340	178
581	286	606	703	493	552	22	486	531
582	777	506	411	196	9	251	436	888
583	802	738	769	50	391	257	510	575
584	807	4	824	898	727	53	701	771
586	245	229	834	642	917	396	257	733
587	913	27	431	484	478	584	718	672
589	511	801	81	29	284	554	245	92
590	884	508	747	12	350	155	578	867
591	272	843	70	610	292	536	72	86
592	713	160	385	438	66	840	148	262
593	548	317	570	216	38	445	427	417
594	181	803	346	464	511	867	109	512
595	887	594	219	97	37	764	9	267
596	647	891	19	197	694	633	33	13
597	780	230	260	427	804	122	92	134
598	536	263	188	378	564	441	669	162
599	523	605	610	252	54	725	273	413
600	42	894	602	564	101	908	505	475
601	58	774	515	298	504	402	644	571
603	863	539	776	600	104	780	917	906
604	515	515	635	685	799	603	443	392
605	915	616	189	151	919	825	26	56
606	508	443	237	341	70	424	164	347
607	932	830	386	292	809	697	826	234
608	164	831	271	405	544	751	321	487
609	428	501	52	176	563	293	312	282
610	377	429	871	316	349	460	765	407
611	868	438	306	147	10	685	120	415
612	439	384	305	876	620	679	351	26
613	134	428	509	611	242	529	583	453
614	612	125	618	504	487	229	431	385
615	722	808	603	707	24	333	40	476
616	77	534	579	612	721	273	526	693
617	662	507	78	131	256	164	860	266
619	729	521	165	223	65	429	102	129
620	852	187	917	916	870	802	923	48
621	30	527	767	902	345	405	384	516
622	311	895	380	192	72	926	400	418
623	846	775	223	872	192	847	25	60
624	234	467	622	89	815	25	789	676
625	615	360	149	87	164	42	268	455
626	864	55	469	923	127	613	336	200
627	728	38	489	650	301	227	735	840
628	18	740	872	870	769	861	832	910
629	195	418	670	267	615	622	691	793
630	330	383	225	165	386	924	824	845
632	935	834	918	883	858	456	906	880
633	643	196	115	789	137	514	28	75
634	317	302	596	475	75	657	777	290
635	539	512	108	453	779	276	266	186
636	700	50	649	839	171	185	928	481
637	692	816	24	439	775	765	884	427
638	490	174	711	425	82	904	218	500
639	655	271	387	501	451	615	155	275
640	99	269	928	392	884	116	839	668
641	21	919	439	406	535	851	549	478
642	325	228	774	778	604	55	737	801
643	547	243	317	243	537	313	565	631
644	910	159	484	825	875	842	480	107
645	814	557	280	11	309	829	277	402
646	764	706	567	369	550	499	252	93
647	634	391	131	200	523	707	220	193
648	261	457	616	272	496	640	577	542
649	572	551	93	142	173	362	913	462
650	412	754	394	98	200	471	225	739
651	609	807	90	128	539	329	344	544
652	811	235	562	293	181	673	869	561
653	203	322	360	395	899	330	584	363
654	400	603	574	754	701	287	244	442
655	512	766	855	35	328	710	670	625
656	467	672	347	251	246	837	792	525
657	642	339	781	776	71	89	778	480
658	778	198	470	675	728	200	170	27
660	919	787	5	32	825	300	889	119
661	375	169	637	519	334	636	847	170
662	672	72	744	598	261	82	552	617
663	50	553	321	275	880	563	922	637
664	168	445	591	296	921	569	528	341
665	683	224	743	686	346	598	850	238
666	409	938	301	69	22	911	396	236
667	156	640	794	469	829	298	885	809
668	113	575	561	664	364	86	243	374
669	158	694	535	249	358	631	451	510
670	417	308	638	285	290	894	103	861
671	914	89	853	712	277	492	301	768
672	136	401	867	844	657	217	656	846
673	565	482	909	34	760	345	625	848
674	465	588	319	199	118	397	153	540
675	714	57	367	634	169	709	167	263
676	430	496	817	450	454	813	679	765
677	204	427	771	404	322	127	612	740
678	211	151	673	695	928	452	391	713
679	774	538	231	205	220	400	22	64
680	691	654	540	49	450	249	463	766
681	6	860	933	773	560	149	915	935
682	104	329	916	311	205	564	872	923
683	201	837	762	730	466	752	154	167
684	559	259	452	330	435	142	253	351
685	292	826	486	305	144	665	390	408
686	96	647	632	631	692	144	896	914
687	569	656	49	170	600	940	287	553
688	931	47	312	910	629	341	743	403
689	98	838	101	347	687	352	776	332
690	142	753	566	502	762	32	282	439
691	282	424	496	451	722	403	827	460
692	794	7	889	813	388	343	780	755
693	806	832	69	370	893	703	1	15
695	761	734	62	14	288	607	699	917
696	831	62	453	890	514	451	668	539
697	268	874	295	644	395	568	911	265
698	374	321	432	342	707	363	502	692
699	394	227	821	806	330	827	689	448
700	178	571	240	324	158	481	190	157
701	849	372	858	225	40	819	226	536
702	653	378	143	219	556	187	392	87
703	907	231	695	414	89	614	239	278
704	14	613	727	919	877	19	828	826
705	601	193	392	796	318	941	506	335
706	499	345	393	308	321	853	409	912
708	557	336	554	900	888	594	731	387
709	925	10	828	759	491	771	808	924
710	283	327	644	325	581	260	452	685
711	686	703	193	310	789	317	366	320
713	638	414	755	663	516	821	863	498
714	556	564	254	204	41	647	116	328
715	695	180	230	315	937	269	895	184
716	116	349	578	795	387	777	698	792
717	657	296	815	448	300	322	833	887
718	52	897	278	487	773	809	136	197
719	300	704	32	785	879	294	433	85
720	704	583	11	118	368	290	275	10
721	743	910	63	146	339	823	35	11
722	603	291	164	886	584	246	87	12
723	361	448	667	561	125	776	606	226
724	693	78	391	376	901	130	897	221
725	753	370	324	619	81	303	566	124
726	180	907	341	575	774	502	417	274
727	369	720	213	76	857	245	317	333
728	521	201	672	470	442	117	440	574
729	132	423	732	660	931	340	132	409
730	212	718	154	583	632	459	251	322
731	856	782	244	17	771	887	848	586
733	457	563	46	152	154	255	929	33
734	677	833	9	233	206	145	194	73
735	227	202	756	797	679	581	646	743
736	170	84	822	566	763	168	807	872
737	326	497	361	230	595	854	712	384
738	207	693	456	101	591	895	337	496
739	629	685	109	211	156	404	123	108
740	221	577	241	326	812	309	931	811
741	38	701	545	814	376	792	507	321
742	796	567	66	401	126	766	11	192
743	66	824	85	701	661	934	373	589
744	738	665	259	912	36	678	20	690
745	650	127	130	402	683	114	851	329
746	705	117	734	766	630	775	838	715
747	510	776	310	265	369	427	23	4
748	911	582	68	684	562	925	107	131
749	67	697	884	632	810	596	766	930
750	251	298	359	576	621	115	227	205
751	347	257	906	518	433	815	784	934
753	407	595	705	339	97	380	558	609
755	656	184	396	353	638	211	415	412
756	382	452	461	628	499	779	547	469
757	405	708	110	452	436	307	55	98
758	917	629	707	37	13	729	497	784
759	684	147	885	568	807	713	760	176
760	185	399	421	742	902	793	139	543
761	865	104	235	415	492	907	173	254
762	716	751	56	622	252	909	10	51
763	61	748	646	346	427	194	804	572
764	632	598	927	936	938	388	940	169
765	68	794	258	690	675	239	589	380
766	731	562	630	271	4	865	661	822
767	222	625	238	485	941	426	31	116
769	119	248	802	616	758	442	782	763
770	517	258	560	537	895	292	105	183
771	929	455	878	193	85	150	104	705
772	840	324	207	304	911	124	290	69
773	462	238	365	473	726	174	834	615
774	321	699	318	217	122	314	249	188
776	274	358	132	132	508	17	622	366
777	267	520	368	306	871	491	514	695
778	926	241	126	160	602	414	478	152
779	289	226	532	693	133	680	662	520
780	619	828	536	257	15	880	122	782
781	582	37	848	791	813	64	536	908
782	41	570	868	820	351	782	798	834
783	858	441	866	180	418	284	845	660
784	301	750	376	90	77	606	758	622
785	288	197	851	920	920	183	703	294
786	875	645	877	396	273	930	870	852
787	425	771	372	590	407	891	71	555
788	94	643	708	388	598	344	303	752
789	477	69	892	866	538	2	853	892
790	613	320	408	218	780	666	432	309
791	903	142	65	569	185	749	144	168
792	496	572	299	163	319	394	325	658
793	845	190	191	857	847	468	790	5
794	532	118	812	547	159	876	618	590
795	857	735	162	933	557	233	75	1
796	345	859	780	105	293	834	694	552
797	492	275	405	273	715	360	899	769
798	359	388	501	702	493	136	545	425
799	870	509	217	41	532	509	582	202
800	829	318	159	256	443	252	140	67
801	537	156	502	732	566	714	335	406
802	640	439	113	71	187	913	229	287
803	538	498	252	535	554	612	271	235
804	351	721	416	521	826	319	464	293
805	159	348	215	557	828	297	449	300
806	576	379	177	725	767	222	456	37
807	143	636	118	563	889	34	402	99
808	440	282	483	181	653	37	471	404
809	162	453	490	753	458	747	446	459
810	560	600	96	209	781	528	95	112
811	63	939	407	253	399	209	680	433
812	238	97	686	868	863	748	352	657
813	217	408	684	455	58	310	338	506
814	363	426	320	366	393	465	354	273
815	715	35	481	577	464	736	332	444
816	418	189	720	608	348	644	339	728
817	84	660	508	416	575	296	298	621
818	278	810	73	849	695	750	908	449
819	56	709	653	623	250	355	494	521
820	214	437	738	556	800	682	730	709
821	769	477	292	145	232	574	45	151
823	595	32	183	718	115	513	174	145
824	833	165	399	460	719	350	369	398
825	426	480	120	137	555	308	620	181
826	28	848	710	570	377	253	426	465
827	92	877	485	659	243	625	270	578
828	631	878	250	9	209	670	652	397
829	555	609	29	605	234	805	285	437
830	804	124	835	545	530	11	823	868
831	894	109	631	540	534	498	647	396
832	27	459	495	880	531	215	581	483
833	762	283	269	726	375	571	80	353
834	447	404	277	676	639	123	533	125
835	192	166	803	853	594	390	836	441
836	348	626	716	356	18	864	444	774
837	604	71	547	614	637	94	498	592
838	287	591	565	911	614	699	593	698
840	866	24	694	336	894	81	554	797
841	468	729	91	30	365	871	377	400
843	591	530	18	818	237	511	326	55
844	291	277	423	756	482	15	610	644
845	146	904	900	172	217	61	585	905
846	847	347	157	411	100	855	66	89
847	74	495	913	826	744	78	474	350
848	313	680	779	45	201	494	849	607
849	171	232	809	437	822	583	858	901
850	401	6	740	620	396	50	855	773
851	801	8	833	645	839	415	508	879
852	483	806	316	436	787	912	256	58
853	318	765	192	359	199	336	232	225
854	568	188	792	799	599	80	238	349
855	235	525	323	175	439	141	569	669
856	542	535	288	95	105	843	48	241
857	627	450	88	189	664	157	355	153
858	561	48	419	643	633	161	483	447
859	530	204	623	665	608	23	857	121
860	314	389	232	528	124	641	192	296
862	895	470	141	338	162	917	54	210
863	215	797	537	804	610	455	556	635
865	371	879	896	6	465	804	844	857
866	322	526	533	407	116	346	348	365
867	486	892	136	2	518	588	714	718
868	799	126	350	428	259	732	489	382
869	671	67	793	499	494	39	485	598
870	48	893	488	384	559	877	658	634
871	660	576	233	554	114	70	311	253
872	144	881	105	516	755	173	283	102
873	29	921	717	446	403	270	461	535
874	793	139	704	466	527	75	616	495
875	43	840	611	363	820	592	864	918
876	478	769	220	689	720	919	222	218
877	5	914	773	903	558	179	511	664
878	747	381	290	606	370	684	98	390
879	466	688	685	115	831	521	217	650
880	166	290	477	848	878	874	559	507
881	262	333	765	288	786	817	686	859
882	333	682	97	164	110	576	300	632
883	936	13	364	382	366	774	542	559
884	151	868	348	190	359	797	450	283
885	372	131	825	901	716	1	707	786
886	75	937	527	403	91	818	313	643
887	545	1	425	940	238	674	286	194
888	800	359	171	653	512	838	5	21
889	549	286	279	150	228	702	649	179
890	448	367	466	722	596	159	468	375
892	169	798	79	290	851	90	49	54
893	9	890	521	747	519	74	513	596
894	349	158	938	503	918	237	645	911
895	139	929	94	393	176	885	124	541
896	633	304	153	239	147	271	191	174
897	735	170	304	662	342	931	890	285
898	111	668	315	683	245	374	692	143
900	389	500	757	364	916	218	627	486
901	302	510	57	282	230	866	172	215
903	277	719	593	391	865	72	690	700
904	503	239	658	489	842	170	901	582
905	626	266	754	586	743	3	709	711
906	216	85	650	851	795	417	756	378
907	59	779	675	862	489	831	481	770
908	617	581	410	153	873	236	272	376
909	918	504	718	352	2	906	867	416
912	808	33	512	783	709	6	496	533
913	464	249	850	626	28	412	753	777
914	698	36	463	810	912	76	571	220
915	843	255	249	515	142	637	50	105
916	264	896	227	38	923	552	429	781
917	269	172	538	368	325	395	633	584
918	186	780	639	102	885	444	744	419
919	567	634	604	54	872	100	540	929
920	334	767	662	261	131	219	774	467
922	901	417	777	867	827	466	281	22
924	279	434	311	178	222	916	209	472
925	667	559	44	524	419	712	482	52
926	244	105	420	471	776	757	816	687
927	414	74	699	546	447	171	215	522
928	257	569	668	735	509	520	520	633
929	893	22	746	822	714	143	801	511
930	482	465	266	671	392	863	137	284
931	93	684	309	752	484	578	454	435
932	749	488	924	855	485	85	810	623
933	23	861	620	654	681	464	634	736
934	933	778	910	1	748	418	803	714
935	328	63	722	807	652	47	751	785
936	124	313	783	863	517	51	650	662
937	685	264	874	533	314	551	664	732
938	562	292	363	854	335	669	388	401
939	161	715	736	447	702	542	221	191
940	739	99	437	319	862	62	362	440
941	242	804	786	462	611	20	563	878
942	625	664	275	481	658	372	134	198
943	198	315	528	860	453	384	517	587
944	812	827	643	18	324	473	296	683
945	531	251	166	317	486	147	100	36
946	783	662	25	289	756	688	12	7
947	649	265	198	456	371	356	288	190
948	367	183	863	584	754	228	681	612
949	307	759	634	300	45	795	196	545
950	463	853	228	5	729	868	796	372
951	706	209	577	842	740	787	149	343
952	644	83	434	847	823	406	938	172
953	608	246	239	426	913	56	259	28
954	240	666	688	599	219	176	524	216
955	624	376	172	418	138	438	119	247
956	57	851	255	827	818	497	762	423
957	920	11	827	831	668	735	473	735
958	441	406	270	343	194	691	68	286
959	404	905	445	224	68	493	447	166
960	437	587	67	228	735	184	846	42
961	912	219	216	716	42	616	27	66
962	117	110	742	873	693	288	523	772
963	533	138	409	672	437	205	357	411
965	648	115	473	746	267	734	933	890
966	879	413	128	477	282	739	7	23
967	53	728	860	542	479	517	667	725
968	460	17	551	794	417	221	700	595
969	680	14	671	832	294	650	841	421
970	323	631	569	162	304	627	274	600
971	232	726	903	461	881	701	887	870
973	70	679	888	420	241	223	729	731
974	393	200	84	482	505	430	781	209
975	558	820	116	222	50	449	267	272
976	31	717	723	816	859	661	519	424
977	701	468	20	61	597	134	705	304
978	745	543	15	398	121	474	198	8
979	817	483	263	691	472	154	592	258
980	271	150	730	678	660	13	380	862
981	748	487	682	879	703	105	878	2
982	733	746	336	7	224	312	802	893
983	46	392	845	935	670	888	347	379
984	131	471	222	927	227	27	822	117
986	306	669	43	441	344	769	188	661
987	390	898	53	20	612	723	181	490
988	356	755	558	119	47	833	356	738
989	507	764	770	648	23	515	363	798
990	406	781	811	232	382	453	755	925
991	513	689	48	511	576	655	84	29
992	449	724	234	91	76	806	43	281
993	717	314	54	409	182	361	77	25
994	47	885	804	371	332	873	711	821
996	444	839	23	148	467	582	696	110
997	528	421	173	532	274	881	393	180
998	140	330	438	928	337	359	567	252
999	902	312	768	103	922	33	800	817
1000	249	341	384	817	587	758	310	280
1001	403	79	930	536	914	177	912	746
1002	676	474	31	159	48	323	89	203
1004	266	811	549	723	648	836	176	288
1005	83	215	842	798	717	250	693	639
1006	95	395	548	782	856	653	358	514
1007	708	415	737	495	423	243	675	567
1008	54	882	546	399	481	523	279	577
1009	610	173	401	331	191	469	875	907
1010	220	237	758	380	801	533	561	851
1011	294	400	330	472	790	44	747	395
1012	721	847	178	276	84	230	146	106
1014	878	21	881	585	254	478	868	881
1015	720	723	285	25	622	870	465	355
1016	339	133	590	897	864	351	293	204
1018	258	711	182	77	832	204	434	594
1019	841	536	55	682	287	531	56	40
1020	79	727	526	627	796	708	407	580
1021	709	40	163	235	146	918	346	757
1022	702	578	104	245	170	835	69	219
1023	384	772	134	85	235	609	17	113
