latent_id	gluten_free	low_price	children_friendly	caffeine_free	no_sugar	vegetarian
0	66	491	903	852	59	256
1	489	279	201	457	159	330
2	995	692	348	307	951	921
3	847	918	365	627	497	838
4	247	467	853	672	467	197
5	792	652	504	653	221	735
6	96	496	176	436	255	274
7	312	4	364	305	200	272
8	486	943	54	75	710	689
9	207	907	74	235	776	523
10	837	904	743	918	483	569
11	88	401	310	865	645	217
12	667	700	409	217	633	552
13	844	644	476	622	213	897
14	442	79	956	1006	231	866
15	67	39	795	819	9	936
16	878	32	166	400	845	761
17	775	725	689	109	376	423
18	828	334	517	776	374	970
19	483	21	508	628	755	799
20	507	345	936	937	378	223
21	206	779	130	674	42	51
22	463	255	581	770	653	592
24	743	640	495	94	684	966
25	696	440	748	226	190	555
26	729	129	35	395	243	512
27	720	727	906	752	240	578
28	715	614	786	731	302	113
29	770	578	609	745	333	290
30	37	857	215	302	404	238
31	566	373	858	846	124	654
32	883	281	268	586	763	943
33	674	55	588	338	756	262
34	994	739	833	597	100	295
35	41	666	870	539	14	18
36	152	73	507	282	582	241
37	931	457	8	333	688	992
38	381	336	837	748	502	239
39	229	181	587	433	882	953
40	788	137	228	723	772	870
41	356	933	852	956	914	79
42	652	433	24	11	978	724
43	672	516	941	675	106	29
44	239	133	60	585	595	157
45	518	262	171	633	643	572
46	110	339	474	232	702	301
47	183	98	437	372	400	826
48	799	388	23	67	236	828
49	1002	994	1007	983	883	993
50	363	682	598	426	319	220
51	638	723	991	1003	925	938
52	591	288	605	231	428	867
53	942	804	964	199	504	120
54	199	620	151	69	352	105
55	923	159	299	157	673	208
56	426	163	537	444	244	392
57	494	518	553	855	232	746
58	832	934	277	225	942	151
59	89	787	415	462	808	923
60	960	931	626	487	847	479
61	646	385	337	131	208	187
62	461	514	128	141	488	175
63	310	588	966	978	145	612
64	188	206	357	17	166	545
65	475	898	646	137	792	483
66	865	806	977	802	699	927
67	708	154	177	778	475	673
68	573	761	640	493	130	522
69	59	1002	738	796	79	178
70	753	402	242	383	1007	708
71	613	152	309	230	556	304
72	75	240	845	464	687	32
73	916	541	222	96	298	968
74	42	580	452	582	330	72
75	771	174	64	60	447	388
76	501	858	663	649	660	559
77	121	384	735	593	172	94
78	712	505	580	381	423	595
79	769	135	604	263	263	412
80	51	65	67	546	300	405
81	140	524	884	479	853	23
82	840	714	913	382	481	713
83	892	443	695	686	730	752
84	18	247	510	451	218	146
85	821	354	600	962	567	231
86	914	773	57	76	598	824
87	106	626	718	428	791	24
88	750	781	2	93	538	703
89	639	783	925	988	253	790
90	284	82	552	886	591	482
91	731	962	988	847	927	716
92	842	76	613	636	518	800
93	833	607	908	673	86	171
94	415	369	849	913	306	213
95	968	91	284	66	890	957
96	649	956	49	352	909	287
97	983	950	637	503	910	930
98	399	681	830	941	886	697
99	373	97	376	154	344	417
100	797	416	808	550	892	332
101	829	108	265	289	786	958
102	578	19	381	407	301	987
103	951	677	911	567	170	633
105	813	767	345	439	625	837
106	327	16	292	244	258	107
107	46	519	767	54	367	312
108	570	239	715	753	782	337
109	758	850	1004	890	970	769
110	303	769	751	246	624	129
111	606	636	316	148	433	410
112	210	569	614	89	437	490
113	701	37	145	376	192	914
114	439	442	494	63	49	219
115	921	362	36	269	957	480
116	364	667	405	683	337	363
117	70	463	328	311	364	195
118	274	461	989	914	180	159
119	378	846	574	496	55	142
120	262	674	555	713	533	338
121	180	731	370	527	697	758
122	86	208	595	483	613	444
123	647	703	484	450	22	50
124	182	158	793	972	365	548
125	610	847	118	182	520	859
126	935	86	341	80	238	961
127	567	36	899	940	550	606
128	599	661	666	275	46	216
129	876	393	446	188	795	976
130	658	259	144	744	522	502
131	342	844	281	252	19	651
132	460	492	85	209	979	623
133	24	501	156	664	44	60
134	645	655	972	772	640	885
135	864	635	466	564	919	821
136	532	643	461	337	675	604
137	308	534	87	474	67	250
138	471	338	178	533	388	359
139	505	811	519	602	738	310
140	772	249	393	874	748	891
141	79	935	660	861	841	39
142	329	465	413	510	359	411
143	655	658	733	427	562	413
144	648	232	358	598	57	969
145	417	803	509	46	204	215
146	851	914	38	150	773	571
147	504	315	197	345	961	831
148	614	343	111	690	636	581
149	917	94	921	881	246	949
150	195	865	117	621	115	354
151	999	919	940	684	167	883
152	600	298	417	507	526	584
153	620	810	101	429	751	360
154	522	785	300	549	996	879
155	287	422	812	845	839	144
156	261	280	963	928	265	720
157	817	257	447	580	304	754
158	288	883	818	294	336	135
159	939	586	327	746	594	818
160	401	686	676	948	746	662
161	280	869	338	543	836	366
162	227	436	384	565	30	701
163	589	490	657	699	247	321
164	704	572	444	248	506	693
165	166	185	382	792	778	162
166	835	322	26	223	863	917
167	859	411	838	448	81	977
168	26	145	205	250	727	242
169	142	670	881	834	317	787
170	158	47	773	944	680	585
171	888	481	189	120	280	188
172	795	68	458	408	32	348
173	737	332	806	645	341	808
174	609	184	180	134	960	965
175	596	576	575	818	182	67
176	564	77	971	982	176	439
177	742	378	218	680	311	329
178	904	903	288	124	1001	1001
179	681	179	131	13	507	823
180	443	396	475	555	80	71
181	273	564	216	45	164	554
182	413	953	577	616	716	165
183	598	558	407	850	896	967
184	558	222	213	115	286	973
185	126	199	995	721	564	47
186	406	213	730	981	761	430
187	48	665	69	168	637	399
188	186	235	707	668	135	336
189	730	251	252	656	195	872
190	221	676	976	484	411	42
191	700	194	346	220	928	542
192	571	175	167	77	384	379
193	1	973	9	33	973	1006
194	819	424	305	521	335	514
195	675	24	132	38	628	646
196	297	380	641	310	111	639
197	21	346	672	364	393	628
198	997	543	942	771	690	344
199	143	272	513	278	717	665
200	768	587	796	985	844	782
201	546	446	388	625	401	325
202	245	548	232	173	534	793
203	676	104	170	51	281	182
204	517	478	982	332	921	652
205	307	889	938	860	314	296
206	433	372	113	61	309	537
207	54	421	59	35	713	432
208	660	475	399	239	307	267
209	47	999	545	53	209	63
210	1001	842	297	535	775	425
211	874	711	691	728	679	747
212	764	304	159	180	768	383
213	81	482	617	612	424	598
214	953	309	576	454	308	744
215	993	92	732	997	558	994
216	689	23	792	883	584	865
217	205	382	664	629	380	53
218	6	52	619	165	82	21
219	225	430	867	911	466	327
220	358	413	700	301	884	232
221	530	741	497	59	38	487
222	50	242	61	445	321	103
223	359	331	157	91	654	497
224	468	713	681	958	617	185
225	246	226	651	853	138	41
226	902	862	450	736	132	126
227	933	678	511	751	995	868
228	757	947	819	290	451	875
229	818	316	185	10	571	617
230	996	963	52	58	407	814
231	147	87	905	885	293	130
232	348	951	521	27	313	116
233	677	815	515	924	963	614
234	212	293	526	363	917	643
235	903	1000	841	538	992	817
236	503	902	739	797	815	477
237	447	948	512	524	880	840
238	2	759	28	611	454	345
239	165	161	320	340	650	980
240	119	737	249	654	674	579
241	57	41	578	170	462	996
242	826	646	862	455	546	427
243	193	78	1005	987	788	75
244	542	856	851	79	658	478
245	822	925	1001	1005	922	913
246	976	324	174	631	758	910
247	977	444	704	460	542	394
248	416	522	139	187	811	547
249	392	344	865	608	894	599
250	283	149	392	931	375	426
251	148	379	758	613	1002	339
252	512	196	496	837	116	699
253	434	584	868	374	457	941
254	998	822	594	359	972	997
255	508	531	961	798	171	792
256	793	168	678	809	56	22
257	901	748	568	639	357	442
258	752	7	147	95	443	473
259	275	270	469	618	807	776
260	101	991	412	452	831	52
261	403	119	531	943	464	543
262	952	1	524	92	438	534
263	789	341	220	163	351	767
264	187	928	873	271	913	334
265	464	969	419	560	383	397
266	947	596	65	240	580	990
267	184	800	244	107	662	314
268	92	838	848	605	632	486
269	353	712	456	142	201	453
270	781	258	7	329	964	518
271	108	113	5	206	1003	13
272	716	808	223	98	701	608
273	554	923	142	123	946	726
274	313	408	518	658	535	340
275	293	188	783	50	600	666
276	29	832	91	203	581	95
277	135	241	514	743	84	582
278	384	523	727	977	452	775
279	366	190	58	399	719	265
280	782	74	227	465	932	281
281	650	468	929	990	999	727
282	479	768	974	516	426	260
283	269	85	950	434	354	352
284	855	964	262	526	296	361
285	744	532	455	210	285	556
286	223	662	627	740	224	507
287	176	80	238	325	536	365
288	203	127	716	657	470	515
289	525	657	917	773	229	681
290	632	801	923	716	509	92
291	31	409	367	584	519	68
292	105	26	467	26	588	448
293	699	981	385	878	861	855
294	69	941	889	903	415	292
295	498	920	948	757	888	44
296	654	812	877	921	421	440
297	113	434	714	691	945	527
298	759	307	106	463	283	738
299	437	776	389	938	753	493
300	657	987	22	200	794	779
301	157	166	953	879	529	225
302	735	632	332	106	444	139
303	891	528	930	963	984	313
304	339	827	334	195	290	259
305	423	71	624	892	590	145
306	422	672	516	916	997	449
307	441	749	741	637	134	773
308	688	125	225	74	492	880
309	732	966	918	980	188	64
310	526	283	777	824	609	549
311	910	893	153	570	541	877
312	13	599	828	254	187	316
313	662	993	394	456	69	649
314	619	453	236	641	495	624
315	810	671	998	1007	941	728
316	122	513	717	747	346	40
317	908	949	78	334	1006	1004
318	595	63	644	292	418	115
320	168	775	965	346	12	830
321	438	778	40	39	21	237
322	656	224	771	935	597	804
323	687	452	780	553	686	433
324	823	292	620	839	728	845
325	612	772	29	506	994	714
326	804	303	116	707	912	504
327	333	177	449	696	158	491
328	331	95	260	402	169	753
329	491	389	435	588	644	570
330	377	552	896	806	214	376
331	827	456	566	725	366	895
332	114	356	184	405	267	560
333	719	789	736	257	440	587
334	697	766	697	801	955	434
335	898	573	355	518	275	983
336	881	2	1	41	991	933
337	248	432	843	915	215	459
338	485	191	298	155	833	907
339	733	537	638	966	837	978
340	74	428	210	68	814	212
341	141	738	560	190	234	789
342	520	250	420	326	7	636
343	930	590	481	475	329	384
344	208	979	471	554	570	952
345	899	525	850	936	938	270
346	404	180	530	569	490	169
347	531	647	423	785	651	356
348	266	435	404	494	331	96
349	235	219	235	299	604	226
350	584	114	740	323	295	762
351	376	33	567	264	793	214
352	14	540	400	841	168	54
353	472	141	266	820	616	333
354	334	649	536	253	199	593
355	351	498	422	331	569	871
356	257	567	719	221	611	484
357	153	195	658	760	589	509
358	336	305	11	4	441	757
359	412	890	693	514	114	100
360	352	420	839	650	1005	190
361	871	394	231	784	391	903
362	831	612	199	807	144	589
363	98	872	272	283	174	28
364	16	998	802	296	377	8
365	721	96	406	727	48	844
366	219	84	794	551	430	31
367	574	128	493	967	848	335
368	64	743	378	693	266	164
370	379	529	535	741	851	475
371	608	504	817	643	156	772
372	561	848	434	594	289	27
373	702	659	121	786	739	254
374	349	150	612	291	60	853
375	746	821	90	530	496	368
376	177	888	217	689	27	222
377	860	439	606	756	797	695
378	791	146	525	804	512	273
379	879	75	55	666	872	511
380	130	476	278	22	850	385
381	159	451	901	922	387	463
382	4	625	239	267	875	176
383	490	622	478	688	126	131
384	756	733	635	872	498	317
385	156	997	756	908	455	428
386	973	147	723	901	485	827
387	407	608	323	424	621	680
388	431	337	668	867	555	764
389	880	13	990	992	657	928
390	328	131	945	531	47	874
391	695	651	41	44	806	431
392	533	824	885	708	358	567
393	427	563	408	640	356	876
394	436	200	318	219	381	104
395	93	972	398	501	277	257
396	162	323	257	511	930	533
397	761	117	634	780	860	132
398	167	260	314	844	51	69
399	1004	31	443	228	877	944
400	137	455	271	548	631	469
401	971	311	438	734	703	974
402	907	613	110	733	678	709
403	228	321	879	979	813	839
404	424	562	343	620	50	163
405	980	297	659	121	524	888
406	15	871	164	322	146	57
407	224	706	361	366	103	174
408	778	961	755	663	122	271
409	515	361	482	482	655	450
410	611	631	273	389	31	770
411	553	450	360	763	235	715
412	236	17	47	24	15	550
413	256	308	366	319	935	37
414	811	499	160	251	445	562
416	420	1005	80	129	272	705
417	138	314	349	587	965	464
418	350	358	487	88	143	642
419	214	62	198	473	691	288
420	895	683	579	288	619	811
421	232	968	934	502	456	205
423	577	282	928	623	834	625
424	627	946	179	274	614	61
425	626	853	75	12	900	382
426	360	182	654	216	259	351
427	882	798	237	854	819	843
428	969	29	336	469	670	919
429	937	980	499	644	676	798
430	318	360	656	393	3	393
431	32	722	924	179	269	196
432	575	38	498	552	547	942
433	592	377	618	833	413	561
435	948	954	247	453	944	815
436	185	855	386	525	178	246
437	91	819	182	607	975	65
438	551	718	648	335	251	778
439	668	138	352	73	629	892
440	492	438	996	870	553	563
441	361	268	140	87	181	574
442	474	721	770	505	252	538
443	568	489	708	817	828	745
444	540	782	538	823	990	686
445	548	406	462	934	517	380
446	887	351	445	488	95	140
447	323	183	172	284	903	192
448	23	3	999	495	1	500
449	565	726	436	561	544	275
450	179	688	391	811	714	284
451	587	484	529	849	249	125
452	624	106	76	29	871	638
453	985	807	105	201	607	494
454	357	313	790	477	840	158
455	970	570	684	556	735	524
456	400	447	680	950	93	326
457	319	56	96	324	911	842
458	516	982	860	925	668	150
459	440	112	561	704	260	566
460	118	418	814	970	865	861
461	965	593	951	873	905	954
462	1005	634	194	415	91	926
463	430	215	206	350	695	127
464	465	412	33	71	554	749
465	374	122	897	959	649	467
466	824	115	396	589	398	835
467	95	320	759	214	189	766
468	664	214	701	648	101	489
469	216	136	246	732	672	894
470	798	497	94	207	574	207
471	481	900	893	900	225	415
472	862	905	894	247	347	539
473	314	679	137	309	65	99
474	581	938	540	185	88	11
475	760	755	904	634	783	881
476	622	887	103	478	87	349
477	170	100	375	652	805	602
478	673	148	112	234	479	682
479	777	866	6	119	968	920
480	618	568	259	384	743	568
481	807	878	915	268	369	367
482	936	565	230	341	874	999
483	175	228	279	280	810	111
484	270	466	254	413	121	505
485	893	256	342	826	981	370
486	34	495	321	868	709	291
487	298	971	350	132	10	235
488	396	405	649	513	248	251
489	145	660	546	534	406	565
490	453	974	610	827	784	199
491	920	955	1003	43	1000	2
492	692	494	919	782	299	648
493	972	689	997	993	142	848
494	941	20	263	36	20	615
496	291	546	439	659	593	991
497	375	319	890	576	368	600
498	8	526	88	411	980	960
499	841	399	572	111	706	644
500	978	8	418	787	936	849
501	839	922	50	196	949	704
502	559	462	683	404	906	700
503	129	705	625	116	41	19
504	762	936	944	761	635	698
505	321	139	62	245	843	466
506	344	910	824	714	284	372
507	387	12	931	986	233	374
508	259	698	369	712	161	136
509	560	459	986	243	809	580
510	543	474	669	260	543	781
511	773	429	846	403	708	476
512	204	192	589	815	866	305
513	146	508	592	952	759	721
514	9	729	1002	1001	312	156
515	347	605	601	449	219	230
516	172	126	325	78	854	177
517	484	684	926	974	261	236
518	264	551	291	97	561	258
519	11	205	402	425	693	282
521	477	816	967	889	419	45
522	850	237	711	638	750	807
523	217	926	968	880	638	347
524	478	539	878	719	606	741
525	642	852	150	161	934	856
526	332	386	799	954	565	498
527	940	486	363	377	603	166
528	637	121	807	724	480	777
529	418	53	403	20	94	170
531	276	243	395	344	627	485
532	593	967	871	160	294	244
533	852	176	212	266	920	508
534	178	414	670	912	838	286
535	459	469	372	159	74	14
536	513	383	556	152	435	988
537	150	796	253	227	539	204
538	749	265	353	907	605	729
539	194	248	293	189	78	657
540	816	595	12	174	696	819
541	325	556	107	118	842	774
542	294	825	779	863	664	446
543	747	619	593	563	718	884
544	326	591	728	825	698	322
545	63	583	414	423	73	355
546	65	189	653	28	133	341
547	906	14	909	774	587	594
548	932	820	981	392	6	468
549	383	118	682	942	477	456
550	450	691	477	742	608	809
551	849	840	611	984	744	742
552	469	493	329	836	291	298
553	499	960	987	758	26	1007
554	663	694	569	917	434	802
555	12	976	283	437	531	526
556	254	43	935	999	947	350
557	727	891	957	1000	785	834
558	62	834	744	369	207	48
559	790	736	927	37	13	659
560	954	374	685	559	361	488
561	539	201	229	178	817	528
562	734	252	975	108	2	1
563	405	167	559	293	901	748
564	763	202	939	897	585	573
565	55	483	214	682	131	35
566	309	348	15	164	223	289
567	196	109	347	21	104	364
568	739	757	607	702	740	711
569	629	833	430	49	826	732
570	237	274	522	7	820	596
571	800	777	856	447	780	458
572	956	916	488	265	469	733
573	410	795	1006	600	338	198
574	868	407	34	57	16	540
575	815	477	597	90	969	679
576	127	290	547	738	726	78
577	402	843	448	957	721	342
578	529	653	489	212	273	421
579	897	284	632	603	206	829
580	480	99	506	330	511	986
581	243	535	426	55	586	147
582	896	502	690	665	18	610
583	690	544	301	706	715	939
584	710	790	829	490	77	375
585	586	132	501	750	257	401
586	272	996	724	562	396	93
587	311	187	558	572	53	998
588	524	628	523	651	211	630
589	872	589	219	127	700	209
590	198	699	866	103	310	387
591	197	835	630	520	599	97
592	934	695	628	375	869	810
593	846	28	203	416	332	521
594	912	400	752	211	515	1000
595	678	585	390	718	816	299
596	705	5	734	136	952	447
597	192	763	769	83	197	218
598	161	427	16	295	881	551
599	104	392	857	604	436	26
600	946	554	304	615	193	760
601	905	120	135	783	626	959
602	102	164	99	385	734	532
603	115	648	834	575	175	302
604	68	48	776	715	592	470
605	534	273	377	803	403	637
606	241	445	586	547	659	268
607	171	18	104	315	907	49
608	987	470	887	939	802	369
609	398	186	286	898	855	922
610	984	942	380	435	150	723
611	740	673	902	361	83	851
612	527	642	368	62	37	457
613	25	734	642	711	64	38
614	623	771	854	617	385	9
615	290	696	686	635	230	796
616	56	545	234	813	250	794
617	685	390	731	512	514	611
618	594	454	441	3	61	319
619	944	897	621	875	183	114
620	572	978	490	583	39	396
621	457	1004	175	287	622	763
622	651	441	542	390	681	248
623	94	165	192	421	397	133
624	636	609	136	432	666	813
625	926	212	114	843	971	947
626	580	404	77	144	789	558
627	547	102	209	339	873	443
628	482	629	108	378	583	755
629	725	500	692	508	804	882
630	369	685	544	354	184	583
631	886	860	778	968	282	152
632	301	326	193	471	862	474
633	856	780	17	6	268	346
634	27	754	302	72	339	687
635	72	924	339	755	937	149
636	726	937	472	40	256	252
637	230	460	946	929	933	979
638	877	809	25	114	940	438
639	889	549	615	709	493	655
640	863	143	243	81	128	912
641	644	630	311	528	876	674
642	1007	269	154	754	513	283
643	267	984	667	229	442	110
644	124	517	485	391	661	240
645	986	797	10	181	878	951
646	277	621	876	946	916	718
647	78	884	821	927	926	10
648	928	35	958	619	868	847
649	616	710	713	662	334	647
650	634	286	825	949	431	386
651	393	294	969	955	36	671
652	866	945	13	9	623	85
653	151	299	895	971	228	501
654	845	107	970	197	864	878
656	300	90	188	401	96	249
657	372	894	764	443	448	391
658	669	9	726	902	360	631
660	253	977	133	133	453	503
661	368	624	4	297	895	531
662	7	788	295	509	147	3
663	238	616	421	262	478	263
664	894	618	335	775	736	816
665	785	359	315	367	241	381
666	149	410	102	794	548	664
667	345	561	753	610	340	734
668	99	864	842	905	781	409
669	808	357	861	895	274	995
670	444	276	149	590	254	707
671	783	173	200	491	120	82
672	922	172	397	236	830	972
673	265	735	754	52	663	899
674	694	111	296	722	326	634
675	945	60	679	681	639	461
676	967	363	71	838	998	989
677	49	533	550	394	98	16
678	552	687	655	795	76	722
679	202	985	782	100	568	124
680	97	368	882	362	345	55
681	717	423	319	406	893	618
682	244	983	583	694	75	20
683	765	211	815	969	724	137
684	174	868	351	468	528	269
685	597	220	491	420	119	81
686	975	300	772	788	641	805
687	3	930	980	677	560	5
688	549	555	863	989	525	620
689	28	437	836	705	45	201
690	144	340	835	642	576	70
691	925	557	760	205	35	91
692	927	639	596	730	857	445
693	268	579	270	316	318	676
694	736	958	303	23	648	820
695	255	753	51	414	737	846
696	117	162	565	409	908	462
697	5	751	196	353	800	890
698	22	841	687	300	482	89
699	493	901	602	835	671	193
700	304	515	100	19	559	180
701	509	46	39	56	752	481
702	1006	471	480	99	245	737
703	20	520	129	34	109	586
704	741	426	146	171	386	929
705	635	909	42	104	760	597
706	621	318	191	440	615	398
708	640	746	992	856	23	343
709	218	193	722	472	324	154
710	536	81	208	312	348	863
711	900	155	123	281	468	902
712	317	233	694	476	270	155
713	858	560	608	910	139	324
714	601	325	954	591	530	685
715	84	30	459	606	342	541
716	338	986	673	601	63	311
717	779	716	255	373	532	278
718	495	536	226	558	729	191
719	111	64	356	386	402	90
720	510	264	810	960	988	653
721	776	44	457	169	685	692
722	462	40	387	242	720	857
723	653	449	261	140	486	795
724	929	140	823	735	824	971
725	367	246	706	864	123	183
726	711	267	674	851	846	925
727	853	204	813	306	24	898
728	285	550	442	64	62	34
729	365	366	636	726	856	940
730	10	566	204	500	371	143
731	52	61	665	767	203	194
732	355	302	48	515	931	420
733	346	27	662	215	118	121
734	990	867	916	906	323	869
735	684	880	30	125	389	743
736	579	419	89	42	985	613
737	17	317	570	679	790	228
738	164	547	549	669	646	73
739	918	690	983	1004	745	962
740	425	403	533	342	578	736
741	590	349	584	812	108	451
742	989	364	46	336	904	803
743	766	203	709	808	610	529
744	514	376	211	599	503	576
745	173	601	603	769	829	577
746	682	745	562	14	149	530
747	226	142	500	286	505	160
748	617	701	344	270	220	641
749	428	861	622	717	68	605
750	949	917	548	920	202	963
751	950	742	616	110	764	117
753	959	693	978	581	993	307
754	454	1001	21	1	28	112
755	958	333	427	273	579	887
756	633	371	86	467	409	424
757	1003	959	541	799	733	783
758	120	244	245	218	242	76
759	391	301	883	930	390	650
760	315	415	294	151	618	520
761	713	216	470	568	177	725
762	820	805	775	308	950	609
763	607	207	539	749	642	224
764	388	103	765	893	667	603
765	854	752	859	976	212	544
766	718	10	428	504	948	656
767	73	512	710	498	766	189
768	335	747	425	480	216	669
769	123	507	429	328	227	771
770	751	592	119	441	29	901
771	562	156	763	557	160	118
772	296	530	134	32	527	690
773	991	210	891	996	155	806
774	61	327	582	65	458	904
775	555	45	326	146	105	575
776	320	230	66	18	669	751
777	446	744	864	975	153	661
778	563	611	240	695	71	353
779	767	794	313	698	757	358
780	134	851	256	700	765	106
781	220	908	14	810	136	780
782	537	603	276	822	692	227
783	466	615	161	249	491	472
784	289	245	774	869	271	102
785	341	480	379	145	410	414
786	615	458	73	261	879	601
787	448	83	933	647	129	712
788	745	989	410	499	113	896
789	706	287	483	461	577	667
790	585	70	432	703	705	797
791	211	874	571	224	52	66
792	890	817	241	660	747	670
793	395	209	869	961	689	492
794	419	957	805	624	414	179
795	282	144	275	497	987	909
796	330	88	127	876	141	264
797	271	792	330	412	898	452
798	830	509	267	47	722	460
799	233	627	788	932	328	186
800	569	932	791	904	355	622
801	755	849	900	143	70	58
802	354	913	468	25	112	148
803	200	11	993	592	11	873
804	458	702	962	945	801	629
805	943	221	803	848	449	1003
806	435	57	115	351	769	730
807	250	69	590	237	127	536
808	382	638	761	540	194	101
809	281	965	564	105	707	261
810	602	553	746	348	305	429
811	421	823	959	571	379	247
812	909	793	165	481	771	200
813	738	123	152	259	205	984
814	724	675	190	356	439	858
815	703	169	440	866	630	402
816	190	995	27	172	90	900
817	473	645	307	430	394	308
818	873	42	797	919	899	852
819	30	559	56	31	5	4
820	630	350	324	779	652	535
821	292	756	633	184	465	591
822	870	760	914	899	152	981
823	386	944	874	710	102	285
824	957	617	258	517	852	833
825	103	571	645	884	370	672
826	550	799	207	697	634	784
827	100	859	787	871	889	210
828	961	581	872	923	767	590
829	722	664	70	86	915	696
830	748	312	19	304	471	893
831	394	774	187	313	683	119
832	58	330	747	318	408	731
833	557	367	532	371	476	404
834	506	365	168	298	902	627
835	467	261	362	790	222	719
836	139	275	411	8	545	83
837	322	347	505	857	501	471
838	38	650	141	255	983	88
839	380	750	473	112	276	436
840	263	641	557	670	521	1005
841	964	663	798	762	508	173
842	988	448	285	828	450	621
843	201	906	233	357	774	77
844	456	511	973	947	472	266
845	857	387	79	138	461	905
846	966	594	306	177	822	956
847	982	464	816	965	918	678
848	861	198	847	888	85	465
849	445	912	72	198	278	153
850	556	892	269	303	551	812
851	723	398	124	156	682	841
852	432	882	742	764	656	964
853	429	826	880	419	891	134
854	155	227	910	285	741	138
855	215	875	994	685	665	172
856	53	845	122	579	540	86
857	728	170	312	609	803	30
858	107	697	528	241	1004	84
859	801	598	63	536	432	982
860	278	988	181	368	72	181
861	231	758	784	789	620	109
862	488	15	623	410	460	607
863	869	329	251	438	54	203
864	979	151	183	256	796	918
865	19	915	886	101	196	33
866	36	606	650	896	297	74
867	698	762	527	578	575	441
868	299	610	750	862	425	675
869	251	975	766	739	723	80
870	519	370	631	632	858	499
871	90	899	720	765	429	546
872	919	352	699	768	362	300
873	112	574	840	16	117	25
874	802	829	943	314	322	323
875	924	160	359	183	494	955
876	76	223	202	671	163	206
877	787	521	702	859	762	390
878	343	395	465	147	405	437
879	60	765	492	102	140	43
880	125	542	280	830	179	908
881	295	51	855	574	162	377
882	913	952	721	85	343	253
883	605	101	32	82	185	234
884	451	732	955	191	33	128
885	306	266	822	964	363	510
886	409	870	725	431	173	948
887	962	236	729	995	427	496
888	641	704	712	321	151	303
889	992	116	985	1002	537	791
890	44	310	317	158	373	315
891	671	381	745	192	825	915
892	191	289	811	766	350	373
893	875	720	125	70	885	677
894	915	479	84	387	99	945
896	136	885	826	166	647	56
897	35	218	543	233	552	931
898	603	633	907	202	929	408
899	85	992	698	135	827	6
900	885	881	186	175	154	632
901	803	58	599	858	292	860
902	911	791	912	459	962	985
903	825	54	53	532	867	911
904	754	472	3	153	677	975
905	411	600	333	117	459	832
906	131	487	960	842	287	318
907	583	602	20	204	954	684
908	279	110	163	122	320	691
909	796	295	949	998	489	886
910	169	836	503	655	417	553
911	362	839	463	349	725	294
912	665	717	800	466	787	506
913	963	253	703	614	316	435
914	714	271	920	626	887	454
915	83	306	18	2	92	660
916	213	656	195	793	40	59
917	523	575	221	646	463	950
918	240	668	844	529	239	280
919	87	724	563	486	399	331
920	496	828	97	831	832	455
921	661	49	95	208	217	389
922	538	105	248	5	89	836
923	324	911	143	139	186	658
924	109	25	250	194	327	36
925	691	740	340	277	97	525
926	476	669	785	130	325	229
927	452	425	454	485	704	850
928	128	67	809	238	4	255
929	33	50	661	446	17	276
930	786	130	92	523	924	759
931	709	786	820	692	110	932
932	521	895	82	213	382	168
933	45	728	688	595	732	277
934	666	879	486	422	601	519
935	643	93	749	492	473	702
936	40	896	431	418	549	7
937	834	577	554	380	612	889
938	659	254	591	676	798	946
939	209	296	629	877	412	357
940	455	285	737	458	572	309
941	981	391	671	358	742	937
942	582	328	652	113	986	564
943	806	229	937	320	125	864
944	867	197	453	729	226	765
945	535	234	383	365	712	407
946	680	637	534	791	958	221
947	408	708	162	470	43	788
948	43	837	282	258	754	916
949	576	417	126	276	484	513
950	686	623	888	973	210	167
951	252	1006	451	272	770	422
952	955	715	768	909	818	785
953	528	171	308	398	416	825
954	389	538	705	832	516	362
955	541	802	573	596	967	645
956	385	654	287	701	499	297
957	82	506	520	442	897	739
958	625	929	643	573	557	619
959	449	719	45	355	107	717
960	160	431	639	816	198	122
961	116	709	984	661	349	46
962	774	6	781	882	279	418
963	286	342	289	687	303	516
964	814	886	81	30	34	822
965	242	473	827	777	191	419
966	390	157	801	781	749	924
967	683	990	647	840	353	87
968	679	873	502	545	731	663
969	588	225	158	537	392	395
970	1000	921	424	805	849	245
971	784	940	1000	891	500	1002
972	794	217	875	522	953	935
973	470	814	952	814	523	123
974	234	1003	804	84	977	211
975	848	604	374	541	812	626
976	77	582	120	489	821	768
977	371	1007	677	759	596	400
978	693	876	373	630	956	184
979	812	770	464	417	939	934
980	884	34	31	167	982	906
981	938	66	979	953	137	668
982	670	291	922	994	835	557
983	805	153	757	951	420	740
984	631	375	109	577	487	862
985	604	818	224	162	976	588
986	163	22	401	370	8	243
987	249	510	43	343	25	710
988	974	124	83	388	510	756
989	132	72	264	678	157	378
990	836	353	551	737	165	306
991	305	863	138	360	966	12
992	843	355	68	149	923	854
993	80	970	331	397	262	17
994	487	877	148	396	870	635
995	340	707	932	821	959	801
996	316	59	354	720	563	640
997	302	231	898	991	989	293
999	39	503	169	542	148	403
1000	260	597	675	279	315	15
1001	397	278	460	222	288	406
1002	222	813	322	327	823	495
1003	502	764	762	829	66	683
1004	497	397	789	894	237	688
1005	181	730	832	887	395	141
1006	154	830	947	519	474	62
1007	628	485	93	544	264	616
1008	780	680	416	379	602	517
1009	809	238	98	128	943	786
1010	544	488	433	667	573	416
1011	370	263	479	566	779	328
1012	133	831	371	347	859	233
1013	707	335	37	186	974	371
1014	337	784	274	176	711	320
1015	545	927	44	15	566	706
1016	258	854	173	193	694	108
1017	189	89	155	48	372	202
1018	838	178	290	933	799	750
1019	71	134	585	317	58	161
1020	500	527	696	926	446	279
1022	511	939	892	126	777	98
1023	414	277	831	800	422	694
